Accuracy,Loss,Classification_Loss,Robustness_Loss,Concept_Loss,Step
0.7819999794165293,1.3304901719093323,0.6286730964978536,0.0,0.7018170773983001,270
0.8266666471958161,0.9715240677197774,0.5117389539877574,0.0,0.45978510975837705,540
0.8434999843438467,0.8659398933251699,0.4620568424463272,0.0,0.40388304988543194,810
0.850333309173584,0.8175515413284302,0.4372678190469742,0.0,0.380283722281456,1080
0.8581666469573974,0.7749049226442973,0.41121781220038733,0.0,0.36368711292743683,1350
