Accuracy,Loss,Classification_Loss,Robustness_Loss,Concept_Loss,Step
0.7833333134651184,1.2308300892512003,0.6172871132691701,0.0,0.6135429739952087,270
0.8263333161671956,0.9735984802246094,0.5051275451978048,0.0,0.4684709370136261,540
0.8404999812444051,0.8872854312260946,0.4653474360704422,0.0,0.4219379971424739,810
0.8496666451295217,0.8329397857189178,0.43563152551651,0.0,0.39730826020240784,1080
0.8578333159287771,0.7953502873579661,0.4158750941356023,0.0,0.3794751942157745,1350
